instruction,input,id,bactrian-x-answer,mistral_response
مشخص کنید که کدام ساز زهی یا بادی چوبی است: بیس ترمولو، راکت,,dolly-14547,بیس ترمولو یک ساز زهی است در حالی که راکت یک ساز بادی چوبی است.,"بیس ترمولو یک ساز زهی و راکت یک ساز بادی چوبی است.

بیس ترمولو یک ساز زهی چهارچوبی است که در گروه سازهای زهی خنده دار قرار می‌گیرد. این ساز شامل چهار چوب اصلی است که ترتیبا به صورت زیر هستند: چوب پایینی (اوباس)، چوب متوسط (تنور)، چوب بالا (ترس) و چوب صوتی (ترپ).

راکت نیز یک ساز بادی چوبی است که در گروه سازهای بادی نفخ قرار می‌گیرد. این ساز شامل یک لوله چوبی است که در بالای آن یک پیشه نیز وجود دارد. راکت در دهه 1920 در ایتالیا طراحی شد و در اورکسترهای سرنود و جاز به کار می‌رود."
معنی کمپوست شدن چیزی چیست؟,,dolly-14549,کمپوست شدن یعنی فرایند تجزیه و تحلیل مواد آلی مانند ضایعات گیاهی، مانوره‌های حیوانی و آلاینده‌های آلی دیگر توسط میکروارگانیسم‌ها مانند باکتری‌ها، قارچ‌ها و کرم‌ها در شرایط خاصی که شامل رطوبت، اکسیژن، دما و زمان هستند. این فرایند باعث تشکیل کودی به نام کمپوست می‌شود که برای تقویت خاک و رشد گیاهان مورد استفاده قرار می‌گیرد.,"کمپوست شدن، فرایندی است که در آن قطعات بزرگ و کوچک مواد گیاهی و حیوانی تحت تاثیر کودکشاورزی و شرایط فیزیکی مانند گرما و رطوبت، تبدیل به ماده‌ای خاکستری و قابل استفاده تبدیل می‌شوند. این فرایند توسط میکروارگانیزم‌هایی مانند بکتری‌ها، جامدگلوله‌ها و گریب‌ها انجام می‌شود که به آن‌ها کمپوست‌سازان گفته می‌شود. کمپوست نهایی یک ماده غنی از سموم مفید و مواد آلی است که به عنوان کود طبیعی برای تقویت خاک و رشد محصولات کشاورزی استفاده می‌شود.

 Composting is a process in which large and small pieces of plant and animal materials are decomposed into a soil-like, usable material under the influence of microorganisms and physical conditions such as heat and moisture. This process is carried out by microorganisms such as bacteria, fungi, and actinomycetes, which are called composters. The final compost is a nutrient-rich and organic material that can be used as a natural fertilizer to enrich the soil and promote the growth of agricultural products."
چه رنگی از گربه معمولاً تقریباً همیشه ماده است؟,,dolly-14555,"گربه‌های معمولاً تقریباً همیشه به رنگ خاکستری آبی و یا خاکستری کم‌رنگ و بدون الگو و خال متمایل به سفید هستند. این رنگ گربه‌های ماده نرمال یا معمولاً به عنوان ""گربه خانگی"" شناخته شده است.",معمولاً گربه‌ها در رنگ‌های مختلفی مانند سفید، سیاه، گری، بنفش و قرمز تولید می‌شوند. اما به طور کلی بیشتر گربه‌ها در رنگ سفید تولید و فروخته می‌شوند و همین رنگ را به اشتباه می‌توان رنگ معمولی گربه محسوب کرد. اما باید توجه داشت که رنگ گربه وابسته به نوع آن و همچنین به رنگ پوسته حیواناتی است که از آن تولید می‌شود. بنابراین تعیین رنگ معمولی گربه به صورت دقیق امکان‌پذیر نیست.
هند چه زمانی استقلال یافت؟,,dolly-14557,هند در تاریخ ۱۵ اوت ۱۹۴۷ استقلال یافت.,هند در سال 1947 میلادی و در تاریخ 15 اگست از حکومت بریتانیا استقلال یافته است. این رویداد بعد از یک جنگ تحریکی طولانی و برخوردهای مستمر بین جامعه و حکومت بریتانیا افتاد. مهاتما گاندهی و سروکاران جنبش آزادی‌خواه دیگر هند نقش‌های مهمی در حصول استقلال این کشور ایفا کرده‌اند.
آیا یک ماموریت سرنشین دار به مریخ ارزش این هزینه را دارد؟,,dolly-14561,به عنوان یک مدل زبانی ، من نمی توانم به صورت قطعی نظریه هزینه و ارزش یک ماموریت سرنشین دار به مریخ را بیان کنم چرا که این بستگی به بسیاری از عوامل اقتصادی و فنی دارد. اما اگر پاسخ من را به طور کلی تر بخواهید ، باید بگویم که برای بعضی از کشورها این هزینه ارزشمند و برای دیگران شاید نه باشد. هدف های علمی ، فضایی و اقتصادی که با ماموریت ماهیت دار و در پی آموزش فناوری های جدید ، تحقیقات علمی و ایجاد شغل های جدید هستند ، می تواند با هزینه های نسبتاً بالا ارزش بسیاری داشته باشند.,"برای پیشرفت در یک مسیر فضایی و هدف مریخ، نیاز به تجهیزات و سیستم‌های پیشرفته و هزینه‌های زیادی است. هزینه‌های مربوط به این ماموریت شامل طراحی، ساخت و ارسال یک کابین فضایی، تجهیزات حمل و نقل، سیستم‌های پشتیبانی زندگی، نظرسنجی و تحلیل منطقه مقصد، و همچنین تدریس و آماده‌سازی افراد است.

به عنوان مثال، هزینه‌ی ماموریت‌ های تحقیقاتی غیرقابل بازگشت مربوط به مریخ تا به اکنون بین ۴۰۰ میلیون تا ۱ میلیارد دلار بوده است. این هزینه‌ها کمتر از هزینه‌ی مسیر فضایی با انسان هستند اما هنوز مبلغی زیاد است.

هزینه‌ی مسیر فضایی با انسان به مریخ به دلیل طول و پیچیدگی بیشتر آن از مسیر فضایی به مقصدهای دیگر بیشتر است. به عنوان مثال، هزینه‌ی متوسط یک مسیر فضایی با انسان به ماه بین ۱۰۰ تا ۱۵۰ میلیارد دلار گزارش شده است. این به معنی است که هزینه‌ی مسیر فضایی با انسان به مریخ حداقل چندین برابر این مبلغ خواهد بود.

در واقع، در سال ۲۰۲۰، تیم ماشین حساب و علوم فضایی NASA، هزینه‌ی مسیر فضایی اولین انسان به مریخ را به ارزش حداقل ۱۰۰۰ میلیارد دلار تخمین زده است.

بنابراین، این هزینه‌های زیاد نشان دهنده‌ی ارزش بالای ماموریت سرنشین دار به مریخ است. با توجه به اینکه این ماموریت تنها یکبار موفقیت‌آمیز رخ نداده است، ارزش آن از لحاظ علمی و فناوری به حجم زیادی بیشتر از هزینه‌ی مالی آن است."
چرا در جاده های عمومی محدودیت سرعت وجود دارد؟,,dolly-14565,1- به دلیل بهبود ایمنی: حداکثر سرعت پرخطرترین عامل در تصادفات رانندگی است. محدودیت سرعت کمک می کند تا رانندگان از سرعت استفاده نکنند و باعث کاهش تصادفات و صدمات شده است.  2- به دلیل ترافیک: اگر تمامی رانندگان به حداکثر سرعت خود رانندگی کنند، ترافیک بسیار بدتر می شود و مسئله ناگهان مسدودیت جاده ها را تشدید می کند. محدودیت سرعت باعث می شود ترافیک بهتر و حرکت روان تر باشد.  3- به دلیل صرفه جویی در سوخت: با افزایش سرعت، مصرف سوخت نیز افزایش می یابد. بنابراین محدودیت سرعت کمک می کند تا صرفه جویی در سوخت داشته باشیم.    به طور خلاصه، محدودیت سرعت برای بهبود ایمنی، به کاهش ترافیک و مصرف کمتر سوخت کمک می کند.,"محدودیت سرعت در جاده های عمومی برای هدفهای مختلفی وجود دارد:

1. ایمنی: محدودیت سرعت به کاهش تعداد و سختی حوادث جاده ای کمک می‌کند. چه از لحاظ تعداد و چه از لحاظ سختی، حوادثی که در سرعت‌های بالاتر اتفاق می‌افتد بیشتر و ناشی از آن مرگ و زخم های سنگینتری است.

2. کنترل ترکیب ترافیک: محدودیت سرعت به کنترل ترکیب ترافیک و جلوگیری از سازگاری نامناسب خودروها کمک می‌کند.

3. کاهش سرعت بالا: سرعت بالا باعث کنترل کمتری از خودرو در شرایط جاده نامناسب می‌شود. محدودیت سرعت می‌تواند از رفتارهای ناایمن و نامتناسق در جاده مانع شود.

4. صرف انرژی و سوخت کمتر: خودروهایی که با سرعت‌های کمتری هدایت می‌شوند، نسبت به خودروهایی که با سرعت بیشتری هدایت می‌شوند، کمتر از سوخت و انرژی استفاده می‌کنند.

5. کاهش آلودگی هوا: محدودیت سرعت به کاهش سطح آلودگی هوای شهری نیز کمک می‌کند.

6. کنترل ضجیق: محدودیت سرعت در ساعات پیک ترافیک به کاهش ضجیق و بهبود رفاه عمومی کمک می‌کند."
کدام کشور در شمال ایالات متحده است؟,,dolly-14566,کانادا در شمال ایالات متحده قرار دارد.,"کانادا یک کشور است که در شمال ایالات متحده قرار دارد.

Canada is a country that is located to the north of the United States. It is the second largest country in the world by land area, and it shares a long border with the United States to the south and northwest. Canada is known for its diverse landscapes, which include mountains, forests, lakes, and Arctic tundra. It is also home to a diverse population, with people of many different cultural backgrounds living in its cities and towns."
مشخص کنید کدام سازنده خودرو ژاپنی یا آمریکایی است: مزدا، شورولت,,dolly-14567,مزدا، سازنده خودروی ژاپنی است و شورولت، سازنده خودروی آمریکایی است.,"مزدا یک سازنده خودروی ژاپنی است و شورولت یک سازنده خودروی آمریکایی است.

Mazda is a Japanese car manufacturer, while Chevrolet is an American car manufacturer."
انتقام جویان چه کسانی هستند؟,,dolly-14568,انتقام جویان یک گروه از ابرقهرمانان هستند که توسط مارول کمیکس ایجاد شده‌اند. این تیم شامل چند شخصیت از جمله آیرون‌من، کاپیتان آمریکا، تور، هالک، بلک ویدو، هاوک آی و ویژن است. مأموریت اصلی آنها، مبارزه با دشمنانی است که جامعه را تهدید می‌کنند و به نحوی نمی‌توانند توسط شخصیت‌های انفرادی شکست خوردند. همچنین، این گروه برای حفظ امنیت جهانی و دفاع از دفاع‌های شخصی و مایلیون‌ها شهروند در سراسر دنیا، همدیگر را حمایت می‌کنند.,"""جویان"" (Joyan) معمولاً به یک گروه عسکری از زمان جنگ ایران و عراق (1980-1988) اشاره می‌کند که در این جنگ در نقش های مختلف شرکت کردند. اما ""انتقام جویان"" ارجاع به یک گروه خاص ندارد و لازم است اطلاعات بیشتری در مورد زمان، مکان و سایر جزئیات داده شود تا بتوان در مورد این گروه یا افراد اطلاعات دقیق‌تری فراهم کرد.

اگر ""انتقام جویان"" به یک گروه یا افراد خاصی اشاره دارد، می‌توانید اطلاعات بیشتری در مورد آن‌ها را فراهم کنید تا می‌توانم بهتر پاسخ دهم."
با توجه به این پاراگراف در مورد اردن، به من بگویید که در کجا قرار دارد و با چه کشورهایی هم مرز است؟,اردن (به عربی: الأردن، tr. Al-ʾUrdunn [al.ʔur.dunː])، با نام رسمی پادشاهی هاشمی اردن، [a] کشوری در غرب آسیا است. این کشور در چهارراه آسیا، آفریقا و اروپا،[8] در منطقه شام، در کرانه شرقی رود اردن واقع شده است. اردن از جنوب و شرق با عربستان سعودی، از شمال شرق با عراق، از شمال با سوریه، و از غرب با کرانه باختری فلسطین، اسرائیل و دریای مرده همسایه است. این کشور 26 کیلومتر (16 مایل) خط ساحلی در جنوب غربی خود در خلیج عقبه دریای سرخ دارد که اردن را از مصر جدا می کند.[9] امان پایتخت و بزرگترین شهر اردن و همچنین مرکز اقتصادی، سیاسی و فرهنگی آن است.[10],dolly-14572,اردن در غرب آسیا قرار دارد و با عربستان سعودی، عراق، سوریه، فلسطین، اسرائیل و دریای مرده هم مرز است.,اردن یک کشور در غرب آسیا است که در چهارراه آسیا، آفریقا و اروپا، در منطقه شام، در کرانه شرقی رود اردن قرار دارد. این کشور از جنوب و شرق با عربستان سعودی، از شمال شرق با عراق، از شمال با سوریه، و از غرب با کرانه باختری فلسطین، اسرائیل و دریای مرده همسایه است. همچنین این کشور دارای 26 کیلومتر (16 مایل) خط ساحلی در جنوب غربی خود در خلیج عقبه دریای سرخ است که از مصر جداست. پایتخت و بزرگترین شهر اردن امان است که همچنین مرکز اقتصادی، سیاسی و فرهنگی آن نیز است.
فهرستی از سه نوع گوشت مختلف تهیه کنید که می‌توانم در تاکو تهیه کنم,,dolly-14577,1. گوشت چرخ کرده: گوشت قرمز چرخ شده که می‌توانید با انواع ادویه‌ها و سبزیجات ترکیب کنید. معمولاً برای تاکو سبزیجاتی مانند پیاز، فلفل دلمه‌ای و ریحان ریخته می‌شود.  2. مرغ:  می‌توانید تکه‌های بزرگ مرغ را با روش‌های مختلفی پخته و آن را در تاکوی خود استفاده کنید. این گوشت نسبتاً ریزنما و کم چرب است.  3. ماهی: ماهی سالمندر، تون، سیبری و سایر گونه‌های دیگر می‌تواند انتخاب خوبی برای تاکو باشد. با افزودن گوجه فرنگی پوست کنده شده، کاهو، قارچ و سایر سبزیجات، می‌توانید یک تاکو سالم و خوشمزه تهیه کنید.,"1. گوشت گاو: گوشت گاو یکی از منابع پرطرفدار پروتئین است که می‌توانید برای تهیه تاکو از آن استفاده کنید. گوشت گاو را می‌توان به صورت فشرده یا کبابی کرده در تاکو قرار داد.

2. گوشت جوجه: گوشت جوجه نیز یک گزینه‌ی مناسب برای تهیه تاکو است. گوشت جوجه نسبت به گوشت گاو کمتر حاوی چربی است و به دلخواه توسط افرادی که درخواست می‌کنند گوشتی را با کمترین چربی مصرف کنند، قابل قبول است.

3. گوشت بز: گوشت بز نیز یک گزینه خوب برای تهیه تاکو است. گوشت بز دارای خوشگلویی و طعم خاصی است که بسیاری از افراد از آن علاقه مند هستند. این گوشت را می‌توان در تاکو به صورت فشرده یا کبابی کرده قرار داد.

همچنین می‌توانید از گوشت مرغ و قرمز محلی نیز برای تهیه تاکو استفاده کنید. گوشت مرغ نسبت به سایر گوشت‌های نام برده شده، کمتر حاوی چربی و قابلیت مصرف بیشتری دارد. اما گوشت قرمز محلی نیز یک گزینه‌ی مناسب برای افرادی است که قصد دارند گوشتی با طعم و بوی مشهود را در تاکو خود قرار دهند."
روش خوبی برای تهیه سیب زمینی پخته چیست؟,,dolly-14580,راه‌های متفاوتی برای پخت سیب‌زمینی وجود دارد، اما یکی از روش‌های خوب آن به شرح زیر است:  1. سیب زمینی را خرد کنید و در آب برای نیم ساعت برای آب گرفتن قرار دهید.  2. سپس آن را در یک ماکروویو قرار داده و حدود 5 دقیقه با قدرت بالا پخت کنید، و یا سیب زمینی خود را در فر معمولی و تنظیم دمای 200 درجه سلسیوس در مدت 45 تا 55 دقیقه پخت کنید.  3. بعد از پخت، سیب‌زمینی را با یک قاشق بزرگ گرد کنید و به آن نمک، فلفل و کره اضافه کنید.  بهتر است همیشه از سیب‌زمینی‌های تازه و نو استفاده کنید و برای پخت بهتر آنها را خرد نکنید. از این طریق، سیب زمینی پخته نرم و غذایی تر خواهد بود.,"برای تهیه سیب زمینی پخته، می توانید از روش زیر استفاده کنید:

1. سیب زمینی را با یک برش خوب برشید و از بقایای سبز آن جدا کنید.
2. سیب زمینی را با آب خوب بشستید تا از خاک و بقایای سبز آن جدا شود.
3. سیب زمینی را در یک تنور یا پنجره به مدت بیشتر از یک ساعت به آب و هوا گذاشته تا خشک شود.
4. تنور را به دمای 350 درجه فاهرنهایت گرم کنید.
5. سیب زمینی را در یک تفنگچه یا سینی با یک لایه روغن یا برگ سبزیجات پوشش دهید.
6. سیب زمینی را در تنور به مدت 25 تا 30 دقیقه پخته کنید.
7. بعد از اینکه سیب زمینی خوب پخته شده باشد، آن را از تنور بیرون بیاورید و به مدت چند دقیقه راحت کنید.
8. سیب زمینی را از پوست بیرون بیاورید و به دلخواه تزیین کنید. برای مثال می توانید آن را با نمک و فلفل، خوردنی های مختلف یا سوس های مورد علاقه خود تزیین کنید.

این روش یک روش ساده و سریع برای تهیه سیب زمینی پخته است که می توانید از آن استفاده کنید."
شیشه از چه ساخته شده است,,dolly-14593,شیشه از مواد معدنی مانند شن، سیلیس و سودا ساخته می‌شود. به طور کلی، شیشه از مخلوطی از سیلیکاتها، کلسیم اکسید، سدیم کربنات و مواد نگهدارنده تشکیل می‌شود. مواد مختلف در شکل‌دهی، رنگ، شفافیت و ویژگی‌های مختلف دیگر شیشه نقش مهمی ایفا می‌کنند.,"شیشه به طور کلی از ترکیب مواد معدنی شیشه‌ساز ساخته می‌شود. این مواد معدنی شامل شن، آهک و سدیم کربنات است. شن به عنوان یک ماده پایه و آهک و سدیم کربنات به عنوان یک فلز و یک ماده تنظیم‌کننده نقش می‌کنند.

در فرایند تولید شیشه، این مواد معدنی را در کوره‌های بزرگی با حرارت بالا قرار می‌دهند تا پس از چندین ساعت صهردرس شوند و یک ماده لزوج، سفید و شفاف تولید شود. سپس این ماده را در یک فرایند خاص به شکل دلخواه داده و برای رسیدن به وضعیت سختی نهایی، به صورت مداوم سرد می‌کنند."
چرا یک قایق روی آب شناور می شود در حالی که برخی دیگر از اجسام غرق می شوند؟,,dolly-14599,این به دلیل تفاوت چگالی مواد است. قایق چوبی دارای چگالی کمتری نسبت به آب است، بنابراین وزن و حجم آن به اندازه کافی برای شناوری در آب است. اما برخی اجسامی که بیشتر از چگالی آب هستند، مانند بلوک های فولادی و سنگ ها، به آب فشار بیشتری اعمال می کنند و دچار برودت می شوند. به همین دلیل ، آنها غرق می شوند.,"A ship floats on water because of a principle called buoyancy. Buoyancy is the force that allows objects to float in a fluid, such as water. The buoyancy force is determined by the weight of the fluid displaced by the object. If the weight of the object is less than the weight of the fluid it displaces, the object will float. If the weight of the object is greater than the weight of the fluid it displaces, the object will sink.

A ship is designed to displace a large amount of water, which creates a buoyancy force that is strong enough to support the weight of the ship. The shape of the ship's hull, which is the watertight body of the ship, also plays an important role in its ability to float. The hull is designed to be buoyant and to displace a large amount of water, which helps the ship stay afloat.

On the other hand, some objects are denser than water and will sink when placed in water. For example, a rock is denser than water, so it will sink when placed in water. This is because the weight of the rock is greater than the weight of the water it displaces, so it does not have enough buoyancy to float.

In summary, a ship floats on water because it is designed to displace a large amount of water and to be buoyant, which allows it to support its own weight. Other objects that are denser than water will sink because they do not have enough buoyancy to support their weight."
ما بعد از مرگ به کجا می رویم؟,,dolly-14607,با توجه به اینکه من یک هوش مصنوعی هستم، نمی‌توانم به شما پاسخی دقیق و قطعی در این مورد ارائه دهم. بیشتر افراد مختلف تحت تاثیر دین، باورهای مذهبی، عقاید فلسفی و علمی، مفاهیم روحانیت و کارما و ... به این سوال پاسخ می‌دهند. امّا به صورت کلّی، هنوز هیچ شواهد مستدل و محکمی درباره زندگی پس از مرگ وجود ندارد و هنوز هم بعضی دانشمندان و متفکران پی به پاسخ نداده‌اند.,"سوال بسیار مهمی که گرفتید! اما جواب آن بسیاری از بحث‌های فلسفی، دینی و علمی است. با توجه به متنوعیت نظریه‌ها، نتیجه‌گیری دقیقی در این موضوع نیازمند تحقیقات و بررسی‌های گسترده‌ای است.

از یک نگاه دینی، بسیاری از دین‌ها به وجود عالم دیگری بعد از مرگ ایمان دارند، اما توضیحات دقیق و جزئیات آن بین دین‌ها تفاوت‌های زیادی دارد.

از یک نگاه علمی، علم به این حال نتوانسته است کاملاً وضعیت روح یا وجود بعد از مرگ را توضیح دهد.

بنابراین، جواب قاطع و یکسان برای همه در این موضوع وجود ندارد و بیشتر به تجربه شخصی، ایمان، و نظریه‌های فلسفی یا دینی هر کس بستگی دارد."
با توجه به یک متن مرجع در مورد جنگ انگلیس و اسپانیا، به من بگویید چه معاهده ای پایان جنگ را نشان می دهد.,جنگ انگلیس و اسپانیا (1585-1604) درگیری متناوب بین پادشاهی هابسبورگ اسپانیا و پادشاهی انگلستان بود. هرگز به طور رسمی اعلام نشد.[2] این جنگ شامل حریم خصوصی انگلیسی ها علیه کشتی های اسپانیایی و چندین نبرد جدا از هم بود. با لشکرکشی نظامی انگلستان در سال 1585 به هلند اسپانیایی تحت فرماندهی ارل لستر در حمایت از شورش هلندی ها علیه حکومت هابسبورگ اسپانیا آغاز شد.  انگلیسی ها در سال 1587 در کادیز پیروز شدند و در 1588 آرمادای اسپانیایی را دفع کردند، اما پس از آن شکست های سنگینی را متحمل شدند: آرمادای انگلیسی (1589)، اکسپدیشن دریک-هاوکینز (1595)، و اکسپدیشن اسکس-رالی (1597). سه آرماد اسپانیایی دیگر در سال‌های 1596، 1597 و 1601 علیه انگلستان و ایرلند فرستاده شد، اما اینها نیز به دلیل آب و هوای نامساعد برای اسپانیا با شکست مواجه شدند.  جنگ در اواخر قرن هفدهم در جریان لشکرکشی ها در هلند، فرانسه و ایرلند به بن بست رسید. با معاهده لندن (1604) که بین فیلیپ سوم اسپانیا و جیمز اول پادشاه جدید انگلیس مذاکره شد، به پایان رسید. در این معاهده، انگلیس و اسپانیا موافقت کردند که مداخلات نظامی خود در هلند و ایرلند اسپانیا را متوقف کنند. به ترتیب، و انگلیسی ها به خصوصی سازی دریاهای آزاد خود پایان دادند.,dolly-14617,معاهده لندن (1604) پایان جنگ انگلیس و اسپانیا را نشان می دهد.,"Based on the provided reference text about the Anglo-Spanish War (1585-1604), the Treaty of London (1604) marked the end of the war. This treaty was negotiated between Philip III of Spain and James I, the new King of England. In this agreement, England and Spain agreed to cease their respective state-sponsored interventions in the Netherlands and Ireland. In turn, the English ended their privateering activities on the high seas."
وظیفه تکاوران ارتش چیست؟,,dolly-14655,تکاوران ارتش جزء نیروهای افسری و غیر افسری هستند که وظیفه آنها مشاهده، تشخیص و بازداری از تهدیدات احتمالی در مناطق مختلف را دارند. آنها مسئولیت تجهیزات ارتش را بررسی کرده و آنها را تعمیر و نگهداری می کنند. تکاوران ارتش همچنین می توانند در تحقیق و تفحص ماهواره ها، دریافت اطلاعات و کنترل برنامه های مربوط به ارتباطات، جاسوسی و جنگ الکترونیکی شرکت کنند.,"The role of tank commanders in the army can vary slightly depending on the specific country and its military structure. However, generally, a tank commander is responsible for the operation and management of a tank and its crew. Here are some of their key responsibilities:

1. **Leadership**: Tank commanders lead the tank crew, which usually consists of a driver, gunner, and loader. They are responsible for the welfare, morale, and discipline of their crew.

2. **Strategy and Tactics**: They develop and implement tactical plans in combat situations. This includes deciding the position of the tank, when to fire, and how to best use the tank's capabilities in different scenarios.

3. **Communication**: Tank commanders communicate with other units and command centers, coordinating their tank's movements and actions with the larger military strategy.

4. **Operation and Maintenance**: They oversee the operation of the tank, ensuring that it is used effectively and safely. They also supervise the maintenance and upkeep of the tank to ensure it remains combat-ready.

5. **Training**: Tank commanders are often responsible for training their crew, ensuring they are proficient in their roles and can work effectively as a team."
پرچم ملی هند چه زمانی به تصویب رسید,,dolly-14656,پرچم ملی هند در تاریخ 22 ژوئن 1947 توسط پارلمان هند تصویب شد.,"The national flag of India was adopted during a meeting of the Constituent Assembly held on July 22, 1947, just before India gained independence from British rule. The flag was designed by Pingali Venkayya and is based on the Swaraj flag, which was used during the Indian National Congress's push for independence. The current flag features three horizontal bands of saffron, white, and green, with a blue chakra (wheel) in the center. Each color and the chakra have specific meanings in relation to the country and its values."
آیا عبارت زیر صحیح است یا نادرست: زمین سومین سیاره از خورشید است؟,,dolly-14659,صحیح است. زمین در فاصله سومین سیاره از خورشید قرار دارد.,این عبارت صحیح است. زمین بعنوان سومین سیاره از نزدیک‌ترین سیاره‌هایی که در سیستم خورشیدی موجود است، شناخته می‌شود. این سیاره به طور معمول بین سیاره‌های مریخ و شبه قرار دارد.
سود سهام چیست؟,,dolly-14662,سود سهام، سود دریافتی از سرمایه‌گذاری در بازار سهام است. در واقع، شرکت‌ها پس از انجام تعهدات و هزینه‌های خود، سود خود را بین سهامداران خود تقسیم می‌کنند. این سود معمولاً به صورت ماهانه یا سالانه به سهامداران پرداخت می‌شود. سود سهام یکی از معیارهای عملکرد شرکت است و برای سهامداران اهمیت زیادی دارد، زیرا افزایش سود سهام به معنای افزایش ارزش سهام و درآمد سهامداران است.,"سود سهام یا در انگلیسی ""Earnings per Share"" یا ""EPS"" نشان‌دهنده‌ی بخش سود کسب‌شده از هر سهم شرکت است. این شاخص یکی از مهم‌ترین معیارهای تحلیل فنی برای ارزیابی شرکت‌های بازار سهم است. سود سهام حاصل از تقسیم سود کل شرکت بر تعداد سهم‌های آن است. برای مثال، اگر یک شرکت در یک سال 1 میلیون دلار سود کسب کرده و تعداد سهم‌های آن 100 هزار عدد باشد، سود سهام آن برابر 10 دلار خواهد بود (1,000,000/100,000 = 10). این شاخص می‌تواند به شما کمک کند تا در زمینه‌ی سرمایه‌گذاری در سهم‌های یا بازارهای مختلف تصمیم گیری بهتری داشته باشید."
خلاصه ای از کتاب «ذهن تحصیل کرده، راهنمای آموزش کلاسیکی که هرگز ندیده اید» نوشته سوزان وایز بائر چیست؟,,dolly-14664,کتاب «ذهن تحصیل‌کرده» نوشته‌ی سوزان وایز بائر، یک راهنمای آموزشی کلاسیک است که با جدیدترین تحولات عصر حاضر به‌روزرسانی شده است. این کتاب شامل اصول و تکنیک‌هایی برای تقویت ذهن، بهبود بخشیدن به مهارت‌های درسی و رسیدن به موفقیت‌های بزرگ‌تر در زندگی است. نویسنده در این کتاب به مباحثی مانند انگیزش، تنظیم زمان، بهترین روش‌های یادگیری و موفقیت در آزمون‌ها می‌پردازد. هدف اصلی کتاب، آموزش دادن نحوه‌ی تفکر موثر و تقویت قابلیت‌های ذهنی دانش‌آموزان است. کتاب «ذهن تحصیل‌کرده» یک کتاب کاربردی و عملی است که به هر کسی که بخواهد بهبود بخشیدن به مهارت‌های درسی و اجتماعی خود علاقه دارد، توصیه می‌شود.,"""ذهن تحصیل کرده، راهنمای آموزش کلاسیکی که هرگز ندیده اید"" یک کتاب نویسنده آمریکایی سوزان وایز بائر است که در آن نحوه‌ی استفاده از تکنیک‌های آموزشی کلاسیک برای توسعه ذهن و حافظه بیشتر فرزندان توضیح داده می‌شود.

چند نکته مهم از کتاب عبارتند از:

1. توجه به تاریخ و کلاسیک‌ها: نویسنده مطالعه‌ی کتابهای کلاسیک و تاریخی را برای فرزندان توصیه می‌کند تا بتوانند بهترین نمونه‌های ادبیات و تاریخ را ببینند و بشنوند.
2. توسعه ذهن با آموزش لاتین: وایز بائر به اهمیت یادگیری لاتین اشاره می‌کند و برای افراد کمتر از 12 سال توصیه می‌کند تا بتوانند مهارت زبان و انگیزه‌ی یادگیری زبان‌های دیگر را بهبود ببخشند.
3. آموزش به ترتیب: نویسنده بر اهمیت داشتن یک برنامه تعلیمی تنظیم شده و پیشبینی شده توجه می‌کند که باعث آموزش منظم و متداول فرزندان می‌شود.
4. توجه به شخصیت و ویژگی‌های هر فرزند: وایز بائر می‌بیند که هر فرزند شخصیت و ویژگی متفاوتی دارد و باید به عنوان یک شخصیت متفاوت در نظر گرفته شود. بنابراین نحوه‌ی تعلیم باید همچنین به ویژگی‌های هر فرزند تنظیم شود.
5. توجه به تمرین و تکرار: برای یادگیری چیزهای جدید، تمرین و تکرار بسیار مهم هستند. نویسنده توصیه می‌کند که فرزندان به طور منظم و متداول تمرین کنند تا بتوانند اطلاعات را بهتر یاد بگیرند.

در نتیجه، کتاب ""ذهن تحصیل کرده"" یک راهنمای مفید برای پدرومادران و معلمان است که به دنبال روش‌هایی برای توسعه ذهن و حافظه فرزندان هستند. این کتاب توصیه‌های مفیدی را در خصوص تعلیم کلاسیک و تاریخی، یادگیری لاتین، پیش بینی و تنظیم برنامه تعلیمی، توجه به شخصیت و ویژگی‌های هر فرزند و تمرین و تکرار می‌دهد."
روغن ماهی چیست؟,,dolly-14687,روغن ماهی یک نوع روغن گیاهی است که از ماهی‌های مختلف استخراج می‌شود. این روغن حاوی اسیدهای چرب امگا-۳ است که برای سلامتی بدن بسیار مفید هستند. به طور خاص، روغن ماهی حاوی اسیدهای چرب EPA و DHA است که بهبود عملکرد قلب و عروق، کاهش التهابات و بهبود عملکرد مغزی مفید است.,روغن ماهی یکی از نوعهای روغن‌های حیوانی است که از گوشت و کیک ماهیان خرد شده و به دم آورده شده تهیه می‌شود. این روغن غنی از امگا 3 و حاوی اسیدهای چرب ناشیوعی است که به سلامت قلب و سیستم عصبی، تنظیم فشار خون و کاهش فشار خون بالا، کاهش اندازه و تعداد سرطان‌ها و حفاظت از مخ و چشمان کمک می‌کند. همچنین آن به عنوان یک منابع خوب ویتامین D نیز شناخته می‌شود که برای استحکام استخوان و دندان لازم است. البته باید توجه داشت که به دلیل سطح بالای اسیدهای چرب ناشیوعی در روغن ماهی، از مصرف زیاد آن به دلیل خطر ایجاد سرطان باید صرفنظر شود.
صحبت های هاوس واکسلی چیست؟,,dolly-14693,به عنوان یک هنرمند مشهور و موسیقیدان، هاوس واکسلی نظرات و صحبت های وی درباره موسیقی، فرهنگ و اجتماع بیشتر مورد توجه هستند. او در صحبت هایش در مورد اهمیت موسیقی در جامعه و جایگاه آن در زندگی انسان ها، تأثیر آن بر روی روحیه و احساسات انسان ها و همچنین درباره تأثیر فرهنگ و هنر بر جوامع مختلف صحبت کرده است. هاوس واکسلی همچنین در مورد اهمیت تنوع فرهنگی و میدان های بازیگری و عملکرد صحبت کرده است.,"House-Vaxxed Syndrome is not a recognized medical condition. It seems like you might be referring to a misconception or misinformation related to vaccines, specifically the COVID-19 vaccines developed by Pfizer-BioNTech and Moderna, which use mRNA technology. Some people have falsely claimed that being near someone who has been vaccinated with these vaccines can cause adverse effects, a concept sometimes referred to as ""vaccine shedding.""

However, it is essential to clarify that vaccine shedding only applies to certain types of live attenuated vaccines (such as the oral polio vaccine or the chickenpox vaccine), which are not used for the COVID-19 vaccines currently authorized for use. The mRNA vaccines do not contain live viruses and cannot cause infection or shed in any way.

It is safe to be around people who have been vaccinated with any of the authorized COVID-19 vaccines, including those developed by Pfizer-BioNTech and Moderna. The misconception about ""House-Vaxxed Syndrome"" likely stems from misinformation and misunderstandings about how vaccines work. Always consult reliable sources, such as the World Health Organization (WHO), the Centers for Disease Control and Prevention (CDC), or your healthcare provider for accurate information."
مرورگر وب چیست؟,,dolly-14696,مرورگر وب به نرم افزاری گفته می‌شود که برای مشاهده صفحات وب در اینترنت استفاده می‌شود. مرورگر وب توانایی نمایش محتوای وب را دارد و به کاربران اجازه می‌دهد تا در سایت‌ها بگردند، فرم‌ها را پر کنند، کاربران دیگر را دنبال کنند و به سایر قابلیت های مرتبط با وب دسترسی داشته باشند. برخی از مرورگرهای معروف شامل Google Chrome، Mozilla Firefox، Microsoft Edge و Safari هستند.,"A web browser is a software application that allows users to access and navigate the World Wide Web. It interprets HTML, CSS, and JavaScript code to display web pages on a device's screen. Web browsers can run on various operating systems, including Windows, macOS, Linux, and mobile platforms like iOS and Android. Some popular web browsers are Google Chrome, Mozilla Firefox, Microsoft Edge, Apple Safari, and Opera. Web browsers provide features like bookmarks, history, and tabs to enhance user experience and make it easy to navigate the internet. They also support various plugins and extensions to add more functionality and customization options."
بر اساس این متن، سوزان ایتون استاد کجا بود؟,سوزان کاترین ایتون (زاده 9 ژوئیه 1957 – درگذشته 30 دسامبر 2003) دانشمند علوم سیاسی و فعال حقوق کارگران آمریکایی بود. ایتون استادیار سیاست عمومی در مدرسه کندی هاروارد بود که محقق خانه سالمندان در هاروارد و فعال کارگری شد.[1] او در مورد مدیریت مراقبت های بهداشتی، نقش زنان در رهبری اتحادیه و مسائل مربوط به کار و خانواده و برابری جنسیتی در محیط کار نوشت.,dolly-14703,سوزان ایتون استادیار سیاست عمومی در مدرسه کندی هاروارد بود.,"Based on the provided text, Susan Eaton was a professor at Harvard University. Specifically, she was a public policy professor at the Harvard Kennedy School, where she was also a resident scholar at the Women and Public Policy Program. She wrote about healthcare management, the role of women in federal leadership, work and family issues, and gender equality in the workplace."
"یک پاراگراف در مورد کلمه ""زن"" بنویسید.",,dolly-14727,زن، از جمله آثار ارزشمند خداوند در زمین است که به عنوان همراه و همیار برای مردان و آغازگر تربیت و پرورش نسل جدید بشریت، دارای اهمیت و جایگاه ویژه ای است. برای انجام کارهای مختلف در زندگی، نیازمند نیروی ویژه زنان هستیم که بدون آنها پیشرفت و توسعه سطح تمدن انسانی و ارتقاء فرهنگ‌ها امکان پذیر نیست. زنان انواع مختلفی از فعالیت‌ها را از طریق تلاش، پشتکار و توانمندی خود انجام می‌دهند و جهان را به بهترین نحو ممکن تحت تأثیر خود قرار می‌دهند. بنابراین، همیشه باید به حقوق و جایگاه زنان احترام گذاشت و نه تنها در تلاش برای رسیدن به تعادل یکسانی جنسیت‌ها، بلکه در بازنگری و ارتقای جایگاه آن‌ها در جامعه پیشرو بود.,"""زن"" یک کلمه است که به یک جنسیت اشاره می‌کند و نقش و لبه‌های متنوعی در جامعه را برعهده دارد. زنان نیمی از جامعه هستند که در برخی موارد به علت سابقه تاریخی و فرهنگی، نقش‌هایی که در اختیار آن‌ها قرار داده می‌شود، کمتر از مردان به ارزش درآمده‌اند. اما در حال حاضر، به خاطر تلاش‌های زنان و همچنین تغییرات اجتماعی و سیاسی، وضعیت این گروه از جامعه در حال بهبود است و زنان در بسیاری از زمینه‌های مختلف نقش مهمی دارند. زنان مادران، پدران، کارگران، دانشجویان، فعالان سیاسی و غیره هستند که با هدف ارتقای شخصی و اجتماعی تلاش می‌کنند. هدف اصلی زنان در این راستا این است که بتوانند با حقوق برابر مردان در جامعه عمل کنند تا نتیجه آن بهبود کیفیت زندگی همه افراد جامعه باشد."
ملکه الیزابت دوم در 21 آوریل 1926 متولد شد,,dolly-14734,.  الیزابت دوم ملکه بریتانیا و مشترکین سرشماری ها از سال ۱۹۵۲ میلادی به بعد است. او در لندن به دنیا آمده و پس از مرگ پدرش، به عنوان ملکه تاج پوشید و در حال حاضر به عنوان ملکه بریتانیا به مدت بیش از شصت سال پادشاهی می کند. او همچنین طی این مدت رکوردهای بسیاری را به دست آورده است، از جمله طولانی ترین پادشاهی در تاریخ بریتانیا و جهان امروز.,اشتباه متاسفانه اطلاعات شما نادرست است. ملکه الیزابت دوم در 21 اپریل 1926 متولد شده است. او در لندن تولد یافت و در دنیای ملکی بریتانیا بزرگ شد. او از جمله ملوک طولانی تاریخ بریتانیا است و در سال 1952 ملکه شد. البته اطلاعات بیشتری در مورد زندگی و سابقه او وجود دارد که می توان آن را به صورت کاملتر به آن پرداخت.
آیا سگ ها چشم سوم دارند؟,,dolly-14742,نه، سگ ها چشم سوم ندارند. چشم سوم یک عضو شناخته شده از رتبه پستانداران است که به عنوان غدد پشت لوزالمون در قسمت پشتی چشم بیشتر از قدرت دیدن استفاده می شود. این عضو در برخی از گونه های حیوانات وجود دارد، اما سگ ها آن را ندارند.,"خیر، سگ‌ها چشم سومی ندارند. بهترین تعداد چشم برای سگ‌ها دو چشم است که نیز در سطح جلوی سر قرار دارند و این به آنها امکان می‌دهد تا به شکلی خوب و شفاف بینند. اگر یک سگ یک چشم سوم داشته باشد، این به وجود یک قسمت بیماری یا اشتباهی در پوست یا بدن سگ اشاره خواهد کرد.

No, dogs do not have a third eye. The optimal number of eyes for dogs is two, which are located on the front of their head, allowing them to see well and have a clear vision. If a dog had a third eye, it would indicate the presence of a medical condition or abnormality in the skin or body of the dog."
زندگی در شکم نهنگ چگونه است؟,,dolly-14747,به طور کلی، زندگی در شکم نهنگ چیزی نیست که انسان‌ها بخواهند تجربه کنند. این محیط دارای شرایط بسیار خطرناک و نامطلوبی است که برای بقا و زندگی مناسب برای انسان‌ها نیست.  بعد از بلعیده شدن توسط نهنگ، فرد در محیط پراکنده‌ای از اسیدها، آنزیم‌ها و دیگر فرایندهای شیمیایی قرار می‌گیرد که کیفیت هوا، غذا و آب در آنجا بسیار پایین است. در این محیط، نور خورشید نمی‌تواند پوشش گلوگاه بدن مارینر را نفوذ کند و ارتباط با دنیای بیرون از نهنگ محدود است.  هنگامی که نهنگ به سطح آب برمی‌گردد، معمولاً آدم‌ها مرده یا شوکه شده را رها می‌کند. بنابراین، زندگی در شکم نهنگ الهام بخش برای انسان‌ها نیست و به ندرت پیش می‌آید.,"Life in Shakem, a village in Iran, is likely characterized by rural and agricultural practices, as it is located in a region known for its fertile land and farming. The village is surrounded by beautiful natural scenery, including forests, mountains, and rivers, which provide opportunities for outdoor activities and tourism.

The climate in Shakem is generally mild, with hot summers and cold winters. The residents of Shakem are primarily engaged in agriculture, animal husbandry, and horticulture, growing a variety of crops such as rice, wheat, barley, and fruits like apples, pears, and cherries.

The village has a rich cultural heritage, with traditions and customs that have been passed down from generation to generation. The people of Shakem celebrate various festivals and ceremonies throughout the year, such as Nowruz, the Iranian New Year, and the Harvest Festival.

Despite its rural setting, Shakem has access to basic amenities such as electricity, water, and telecommunications. The village has a school, a health center, and a mosque, and the residents have access to medical facilities, educational institutions, and shopping centers in nearby towns and cities.

Overall, life in Shakem is simple and peaceful, with a strong sense of community and connection to the natural environment. The residents take pride in their cultural heritage and are known for their hospitality and friendliness towards visitors."
چه نوع سیستم مهاجرتی بهترین است,,dolly-14754,به عنوان یک هوش مصنوعی، من نمی توانم نظر شخصی خود را در مورد نوع سیستم مهاجرتی به اشتراک بگذارم. همه سیستمهای مهاجرتی با توجه به شرایط جغرافیایی، اجتماعی، اقتصادی و سیاسی هر کشور متفاوت هستند و باید برای هر کشور جداگانه ارزیابی شوند. در هر صورت، می بایستی این سیستم به گونه ای طراحی شود که همه افراد مجاز به تقاضای مهاجرت در قالب یک فرآیند مشخص و عادلانه باشند و همچنین امکانات و فرصت های جدید در کشور مقصد برای مهاجران به خوبی مدیریت شود.,"بهترین نوع سیستم مهاجرتی بستگی به نیازها، مقصد و شرایط فرد متفاوت است. برای مثال، اگر شما یک کارگر پزشکی هستید، سیستم مهاجرتی کارگری پزشکی بهترین گزینه برای شماست. البته، بهترین راه برای پیدا کردن سیستم مهاجرتی مناسب استفاده از مشاور مهاجرتی پزشکی است که بتواند به شما کمک کند تا بهترین گزینه را برای شرایط شخصی خود پیدا کنید.

برخی از سیستم‌های مهاجرتی محبوب عبارتند از:

1. سیستم مهاجرتی کارگری: این سیستم مهاجرتی برای کسانی طراحی شده است که دارای مهارت و تجربه فنی و حرفه‌ای هستند و می‌خواهند به کشورهای مختلف به عنوان کارگر مهارتمند مهاجرت کنند.
2. سیستم مهاجرتی تحصیلی: این سیستم مهاجرتی برای دانشجویان و دانشجویان پست‌دکترا طراحی شده است که می‌خواهند در کشورهای خارجی تحصیل کنند.
3. سیستم مهاجرتی ویزای ششم: این سیستم مهاجرتی برای کسانی طراحی شده است که می‌خواهند به ایالات متحده آمریکا به عنوان بازپرور و سرمایه‌گذار مهاجرت کنند.
4. سیستم مهاجرتی خانواده: این سیستم مهاجرتی برای افرادی طراحی شده است که قصد دارند به طور دائمی با خانواده‌ای که قبلاً در کشور مقصد مهاجرت کرده‌اند، حضور داشته باشند.

بنابراین، بهترین سیستم مهاجرتی به نظر می‌رسد که با نیازها و مقصد شما برابر باشد. به همین دلیل توصیه می‌شود قبل از تصمیم‌گیری، از مشاوران مهاجرتی مطمئن و معتبر اقدام به اطلاعات بیشتر بکنید."
